"Epic","Feature","Story","FAILED","BROKEN","PASSED","SKIPPED","UNKNOWN"
"","","","0","26","0","0","0"
"","Microservice Workflow","test_POST_31_9","0","0","1","0","0"
"","Microservice Workflow","test_POST_21_10","0","0","1","0","0"
"","Microservice Workflow","test_POST_31_3","0","0","1","0","0"
"","Microservice Workflow","test_POST_21_9","0","0","1","0","0"
"","Microservice Workflow","test_GET_41_5","0","0","1","0","0"
"","Microservice Workflow","test_POST_21_1","0","0","1","0","0"
"","Microservice Workflow","test_GET_41_7","0","0","1","0","0"
"","Microservice Workflow","test_GET_41_4","0","0","1","0","0"
"","Microservice Workflow","test_POST_21_3","0","0","1","0","0"
"","Microservice Workflow","test_POST_31_1","0","0","1","0","0"
"","Microservice Workflow","test_GET_41_3","0","0","1","0","0"
"","Microservice Workflow","test_GET_41_10","0","0","1","0","0"
"","Microservice Workflow","test_POST_21_6","0","0","1","0","0"
"","Microservice Workflow","test_GET_41_1","0","0","1","0","0"
"","Microservice Workflow","test_GET_41_8","0","0","1","0","0"
"","Microservice Workflow","test_GET_41_9","0","0","1","0","0"
"","Microservice Workflow","test_POST_21_2","0","0","1","0","0"
"","Microservice Workflow","test_POST_21_7","0","0","1","0","0"
"","Microservice Workflow","test_GET_41_6","0","0","1","0","0"
"","Microservice Workflow","test_POST_21_4","0","0","1","0","0"
"","Microservice Workflow","test_POST_21_8","0","0","1","0","0"
"","Microservice Workflow","test_POST_21_5","0","0","1","0","0"
"","Microservice Workflow","test_GET_41_2","0","0","1","0","0"
"","Microservice Workflow","test_POST_31_2","0","0","1","0","0"
